nome,usuario,senha,foto
Mr. Jeanne Hand MD,Destin_Romaguera,yIneGpDFwsO5SeR,https://cloudflare-ipfs.com/ipfs/Qmd3W5DuhgHirLHGVixi6V76LhCkZUz6pnFt5AJBiyvHye/avatar/874.jpg
Jon Walter,Carlie61,IZrc3Mj07Sgxe6G,https://cloudflare-ipfs.com/ipfs/Qmd3W5DuhgHirLHGVixi6V76LhCkZUz6pnFt5AJBiyvHye/avatar/580.jpg
Chris Veum,George.Kessler85,dR79GkwkZCArBhu,https://cloudflare-ipfs.com/ipfs/Qmd3W5DuhgHirLHGVixi6V76LhCkZUz6pnFt5AJBiyvHye/avatar/308.jpg
Mark Koch,Jessie74,LQqihHEDd3fl9R3,https://cloudflare-ipfs.com/ipfs/Qmd3W5DuhgHirLHGVixi6V76LhCkZUz6pnFt5AJBiyvHye/avatar/652.jpg
Gregg Pfeffer,Jackie17,k99bNSsWMdkos6u,https://cloudflare-ipfs.com/ipfs/Qmd3W5DuhgHirLHGVixi6V76LhCkZUz6pnFt5AJBiyvHye/avatar/23.jpg
Arthur Buckridge,Prince.Stroman,f2arAuVAzSkOG6W,https://cloudflare-ipfs.com/ipfs/Qmd3W5DuhgHirLHGVixi6V76LhCkZUz6pnFt5AJBiyvHye/avatar/1240.jpg
Preston Gleason,Sofia.Cassin,gxFGb4NBKo0QIoe,https://cloudflare-ipfs.com/ipfs/Qmd3W5DuhgHirLHGVixi6V76LhCkZUz6pnFt5AJBiyvHye/avatar/239.jpg
Cathy Schulist,Cale.Gleichner7,jw9Rg13kTeFFR5K,https://cloudflare-ipfs.com/ipfs/Qmd3W5DuhgHirLHGVixi6V76LhCkZUz6pnFt5AJBiyvHye/avatar/318.jpg
Rickey Kub,Jayme44,s3tpuPiwwME_TY3,https://cloudflare-ipfs.com/ipfs/Qmd3W5DuhgHirLHGVixi6V76LhCkZUz6pnFt5AJBiyvHye/avatar/574.jpg
Victor Will,Jordon_Steuber,uTckZ1BRkZzfwnw,https://cloudflare-ipfs.com/ipfs/Qmd3W5DuhgHirLHGVixi6V76LhCkZUz6pnFt5AJBiyvHye/avatar/972.jpg
